{
  "feature_cols": [
    "no2",
    "nl",
    "ttf",
    "no_nl_spread",
    "ttf_nl_ratio",
    "no2_vol5",
    "nl_vol5",
    "dow",
    "month",
    "week",
    "storage_fill",
    "storage_dev",
    "hydro_twh",
    "de_wind_gwh"
  ],
  "scaler_mean": [
    57.39848327636719,
    91.96026611328125,
    38.32142639160156,
    -34.56178283691406,
    0.4535037577152252,
    15.263532638549805,
    21.70993995666504,
    2.008902072906494,
    6.338278770446777,
    25.777448654174805,
    67.18038177490234,
    -5.924481391906738,
    57.00362777709961,
    1301.8671875
  ],
  "scaler_std": [
    29.173961639404297,
    31.819324493408203,
    6.178190231323242,
    24.67578887939453,
    0.15834085643291473,
    14.004552841186523,
    12.953609466552734,
    1.4089300632476807,
    3.0482940673828125,
    13.20173454284668,
    19.75084686279297,
    5.886166572570801,
    14.214344024658203,
    854.273193359375
  ],
  "targets": [
    "no2",
    "nl"
  ],
  "seq_len": 21,
  "trained_at": "2026-04-06T14:36:09.515624",
  "test_mae_no2": 27.81,
  "test_mae_nl": 19.59,
  "naive_mae_no2": 17.46,
  "naive_mae_nl": 20.2,
  "n_train": 322,
  "n_val": 69,
  "n_test": 70,
  "epochs_trained": 30,
  "best_val_loss": 0.60278,
  "y_mean": [
    57.39848327636719,
    91.96026611328125
  ],
  "y_std": [
    29.173961639404297,
    31.819324493408203
  ]
}